from,to,status,installDate
2,472,active,
3,7,active,
1567,201,active,
3,227,active,
3,330,active,
7,606,active,
19,2463,active,
227,407,active,
227,1327,active,
227,713,vpn,
329,713,vpn,
1946,303,active,1542517200000
317,713,vpn,
330,7,active,
355,1417,active,
407,659,active,
465,407,active,1551762000000
467,2463,active,1619841600000
472,407,active,
497,227,active,
507,2463,active,1619064000000
534,227,active,
556,2463,active,
561,5188,active,1593576000000
565,227,active,
1417,774,active,1558756800000
627,5916,active,1624593600000
667,1340,active,
672,1340,active,1556856000000
686,227,active,
686,3004,active,
690,731,active,1595995200000
699,227,active,
729,2274,active,
729,5812,active,
729,3016,active,
729,3578,active,
7553,729,active,1650427200000
731,2274,active,
740,1340,active,
760,5635,active,1614315600000
789,227,active,
944,1340,active,
994,1971,active,1604811600000
1085,1340,active,1546059600000
1126,227,vpn,
1150,1533,active,
1258,3,active,
1275,1971,active,1599105600000
1340,664,active,
1340,1599,active,
1384,407,active,1566273600000
1384,794,active,
1417,529,active,1574830800000
1417,1189,active,
1417,1340,active,
1417,713,vpn,1648526400000
1430,2463,active,1541566800000
1430,3175,active,1646888400000
1430,507,active,1646888400000
1496,227,active,
1524,1340,active,
1533,1340,active,
1567,227,active,
1583,1340,active,
1606,329,active,1542690000000
1606,7674,active,1631332800000
1625,227,active,
1627,227,active,
1659,1340,active,
1660,227,active,
1710,1340,active,
1776,1340,active,
1779,8665,active,
1779,5916,active,1641186000000
1825,1340,active,
1835,227,active,
1848,227,active,
1893,1340,active,
1893,3715,active,1622347200000
1907,227,active,
1916,1340,active,1544072400000
1922,227,active,
1963,227,active,
1971,227,active,
1995,1350,active,
2006,227,active,
2012,5916,active,1625025600000
2026,227,active,
2039,1340,active,
2058,1340,active,
2071,664,active,
2074,1384,active,1515387600000
2090,2463,active,1559361600000
2090,1932,active,1613106000000
2090,2664,active,
2098,664,active,
2101,5014,active,
2101,5916,active,
2111,227,active,
2131,1340,active,1541044800000
2148,1340,active,
2203,1340,active,1577941200000
2223,1167,active,1574744400000
2274,2463,active,
2350,227,active,1610514000000
2350,5188,active,1610514000000
12809,5916,active,1623988800000
2387,1340,active,
2415,227,active,
2462,713,active,1561089600000
2463,407,active,
2463,731,active,
2537,2463,active,1544763600000
2539,2463,active,
2590,2463,active,1543726800000
2603,659,active,1562990400000
2623,944,active,
2647,1340,active,
2663,227,active,1542949200000
2699,2090,active,1563249600000
2701,713,active,1612414800000
2701,3284,active,1628481600000
2723,3461,active,1572667200000
2741,1933,active,1582174800000
2743,1340,active,1553400000000
2749,227,active,1552795200000
2786,2274,active,
2814,2463,active,
2862,1340,active,
2882,1340,active,1552708800000
12557,713,active,1561521600000
2900,2463,active,1548824400000
1163,2274,active,
2912,3461,active,
1386,2274,active,1550034000000
2950,731,active,
2932,1340,active,1550638800000
2874,1340,active,1550898000000
2857,1340,active,1551330000000
2961,1340,active,1551589200000
2998,1340,active,1552363200000
3004,227,active,1552622400000
3037,227,active,1553659200000
2934,1417,active,1554436800000
3035,1340,active,1556510400000
2983,2463,active,1553745600000
2441,227,active,1553832000000
3072,227,active,1553918400000
3016,731,active,1553918400000
2959,1340,active,1554609600000
1008,1340,active,1554523200000
3102,1340,active,1554955200000
624,1340,active,1554955200000
3127,227,active,1560657600000
3085,5916,active,1623124800000
1491,1417,active,1576904400000
3175,2463,active,1556596800000
3219,227,active,1557288000000
3213,1340,active,1557460800000
3625,8536,active,1562904000000
2874,2959,active,1557547200000
2959,3002,active,1557547200000
2874,3002,active,1557547200000
2874,3176,active,1557547200000
3220,3002,active,1557547200000
3075,2959,active,1554609600000
2959,2949,active,1554609600000
3234,1417,active,1558065600000
2573,3077,active,1558152000000
3077,2874,active,1558152000000
3077,2959,active,1558152000000
3277,2743,active,1561521600000
3103,1922,active,1559102400000
2915,227,active,1561780800000
3300,713,active,1560571200000
3282,1340,active,1559448000000
3326,1340,active,1560052800000
9891,2090,active,
3353,2090,active,1564286400000
3233,1340,active,
3284,713,active,1560571200000
3305,1350,active,1563508800000
3301,3461,active,1573189200000
3354,713,active,1561435200000
3354,3312,active,1561435200000
3377,731,active,1561608000000
3410,2274,active,1562558400000
3396,1340,active,1564804800000
3575,1350,active,1566705600000
3607,2646,active,1563076800000
3607,5916,active,1643346000000
3537,1340,active,1562904000000
3480,1340,active,1562990400000
3606,1417,active,1564200000000
3578,2274,active,1563163200000
3640,1340,active,1564027200000
11355,5134,active,1641272400000
3623,731,active,1563336000000
1084,1933,active,1577163600000
3473,713,active,1563508800000
3662,1340,active,1569211200000
3662,2874,active,1569211200000
3662,2959,active,1569211200000
3662,3077,active,1569211200000
3646,1340,active,1590984000000
3110,664,active,1563854400000
1933,407,active,1579669200000
1932,2463,active,1614488400000
1932,1933,active,1606626000000
4693,2090,active,1579410000000
4693,3353,active,1579410000000
4693,3721,active,1579410000000
3716,2463,active,1571630400000
1397,731,active,1564372800000
3531,227,active,1564545600000
3652,3461,active,1570334400000
3744,664,active,1565496000000
3411,227,active,1564632000000
3721,2090,active,1564718400000
218,1340,active,1569556800000
3736,1350,active,1564632000000
3737,1350,active,1564632000000
3738,1350,active,1564632000000
3739,1350,active,1564632000000
669,1350,active,1564632000000
3461,1340,active,1606798800000
3461,713,active,1567569600000
4026,2463,active,1633579200000
3782,713,active,1566619200000
3682,3461,active,1573880400000
3682,4830,active,1581742800000
3864,659,active,1566014400000
3864,2603,active,1566014400000
4107,3864,active,1566014400000
4108,3864,active,1566014400000
3790,2959,active,1567310400000
4032,713,active,1579410000000
4043,329,active,1593576000000
4192,3461,active,1568520000000
3430,1340,active,1567051200000
3790,2874,active,1567310400000
4106,1340,active,1567483200000
2306,2274,active,1599364800000
4018,1340,active,1567828800000
3792,1440,active,1567828800000
1440,1971,active,1599278400000
3004,1971,active,1573362000000
1971,3531,active,1564545600000
1971,3037,active,1553659200000
3037,3531,active,1564545600000
1440,3531,active,1567828800000
3863,659,active,1567915200000
3729,1340,active,1568001600000
8054,3461,active,1568174400000
4232,1340,active,1569124800000
4276,2463,active,1568606400000
4062,3461,active,1568779200000
4214,1340,active,1569038400000
944,3461,active,1569038400000
4439,3461,active,1573707600000
4439,4530,active,1573707600000
4337,2463,active,1569729600000
3923,1340,active,1570680000000
4517,3461,active,1572148800000
3675,1340,active,1570334400000
4535,1340,active,1574485200000
4504,227,active,1571716800000
3461,4402,active,1570939200000
4459,3461,active,1571457600000
4459,4507,active,1571457600000
4459,4402,active,1571457600000
4459,3108,active,1571457600000
4459,4530,active,1571457600000
4459,3572,active,1571457600000
4459,4393,active,1571457600000
4459,4506,active,1571457600000
4530,3461,active,1571457600000
4507,3461,active,1571457600000
4507,4402,active,1571457600000
4507,4393,active,1571457600000
4507,3572,active,1571457600000
4402,4530,active,1571457600000
4506,4507,active,1571457600000
4506,4402,active,1571457600000
4514,3108,active,1571457600000
4513,3572,active,1571457600000
4402,4466,active,1571457600000
4402,4393,active,1571457600000
4402,3572,active,1571457600000
4506,4625,active,1571457600000
4506,4607,active,1571457600000
4393,4515,active,1571457600000
4402,3108,active,1571457600000
3108,4507,active,1571457600000
4530,3572,active,1571457600000
4373,3572,active,1568779200000
4534,3606,active,1571371200000
12961,1340,active,1570766400000
4433,4558,active,1570852800000
4433,2959,active,1570852800000
4433,2874,active,1570852800000
4433,3662,active,1570852800000
3654,227,active,1580274000000
4334,227,active,1572753600000
4673,2274,active,1572930000000
4255,1340,active,1569211200000
4544,1340,active,1573102800000
4285,1340,active,1573102800000
4285,8548,active,1632542400000
4285,3923,active,1632542400000
4585,227,active,1573102800000
4187,8054,active,1574571600000
8054,4395,active,1574571600000
1158,2463,active,1573707600000
3424,3461,active,1574226000000
48,3461,active,1574571600000
4619,3578,active,1574744400000
4712,3300,active,1574830800000
4712,4908,active,1576126800000
4712,5989,active,1609045200000
4574,3305,active,1575090000000
1084,1167,active,1575262800000
1084,2223,active,1575262800000
4916,1350,active,1575090000000
4916,3305,active,1575090000000
4706,1340,active,1575090000000
4037,3662,active,1575694800000
4037,1340,active,1576645200000
4037,7065,active,1623729600000
4869,1350,active,1575694800000
4869,4916,active,1575694800000
4869,3305,active,1575694800000
4869,3575,active,1575694800000
4916,3575,active,1575694800000
5014,1340,active,1576904400000
4934,12809,active,1576472400000
4968,4187,active,1576386000000
4733,1340,active,1576645200000
4733,2932,active,1576645200000
4768,1340,active,1574658000000
115,1084,active,1574312400000
4810,1340,active,1576904400000
4996,2462,active,1577509200000
4676,1340,active,1577509200000
2462,4996,active,1577509200000
4569,3461,active,1577768400000
5093,944,active,1581138000000
5050,5014,active,1627704000000
4917,227,active,1578200400000
4917,2537,active,1578200400000
5094,2932,active,1578373200000
5171,713,active,1578546000000
5177,4192,active,
5051,3461,active,1578891600000
5153,2463,active,1578978000000
4745,2463,active,1662004800000
5218,48,active,1579755600000
3641,1635,active,1606971600000
5151,713,active,1633147200000
5151,1635,active,1633147200000
4480,5151,active,1579410000000
4101,2090,active,1580187600000
3861,2090,active,1580187600000
5305,3461,active,1580792400000
5155,227,active,1580533200000
5155,2441,active,1580533200000
3713,3461,active,1580706000000
5283,3461,active,1580878800000
5366,8536,active,1583643600000
4868,4507,active,
5134,3461,active,1638334800000
4343,5134,active,1582434000000
4394,1933,active,1581570000000
248,1971,active,1623556800000
5204,248,active,1581742800000
4391,3461,active,1581829200000
5307,1340,active,1582434000000
5020,1340,active,1582779600000
5020,4232,active,1582779600000
5127,1340,active,1582952400000
5127,4128,active,1582952400000
5188,1440,active,1582952400000
5188,3037,active,1582952400000
5188,3531,active,1582952400000
1848,5188,active,1582952400000
4730,3461,active,1583211600000
1597,699,active,1583211600000
5520,2274,active,1583384400000
5344,3461,active,1583557200000
5351,1340,active,1583899200000
5301,4868,active,1583985600000
5635,3461,active,1584158400000
5635,944,active,1584158400000
5451,1340,active,1584158400000
368,3461,active,1584244800000
2580,713,active,1584244800000
5243,3461,active,1584331200000
5327,3461,active,1584331200000
4613,4706,active,1584504000000
5126,48,active,1585454400000
2337,3461,active,1585627200000
5790,7512,active,1631851200000
5813,227,active,1585800000000
5183,3607,active,1586491200000
5806,2282,active,1639544400000
5300,713,active,1582520400000
5859,5916,active,1628654400000
5859,4128,active,1587182400000
5859,5127,active,1588824000000
4906,1340,active,1587528000000
5916,1340,active,1619496000000
5916,3461,active,1620187200000
5916,1933,active,1620100800000
2481,713,active,1587787200000
5947,8536,active,1588392000000
6004,2463,active,1588824000000
6002,1340,active,1588910400000
6019,1340,active,1589515200000
5854,303,active,1588305600000
5863,1340,active,1590120000000
5975,227,active,1590292800000
6051,3461,active,1590552000000
4801,5916,active,1619928000000
4801,5283,active,1663214400000
6087,713,active,1590897600000
5553,227,active,1591502400000
6182,227,active,1591588800000
5450,3461,active,1592107200000
2282,713,active,1592107200000
6022,5300,active,1592107200000
6283,3461,active,1592280000000
5420,713,active,1592280000000
1547,5014,active,1592798400000
5920,227,active,1592971200000
1944,4391,active,1593316800000
1944,5916,active,
2889,3461,active,1593662400000
6012,8536,active,1594094400000
6311,3016,active,1614661200000
4891,3461,active,1594180800000
4891,4868,active,1594180800000
4891,4507,active,1594180800000
1635,713,active,1600401600000
5833,2274,active,1594612800000
3362,3461,active,1594094400000
3362,7398,active,1613538000000
3971,1340,active,1594699200000
3971,12961,active,1594699200000
4681,713,active,1595044800000
4681,5420,active,1595044800000
4681,1447,active,1595044800000
6267,1340,active,1595304000000
4476,3682,active,1610514000000
4476,4830,active,1610514000000
6129,713,vpn,
6274,407,active,1595736000000
6274,3004,active,1595822400000
6274,3037,active,1595822400000
2344,1340,active,1595822400000
6491,3461,active,1595822400000
6571,713,active,1595908800000
2792,1971,active,1598760000000
2792,1440,active,1598760000000
2792,3531,active,1598760000000
6581,1350,active,1596254400000
6381,1933,active,1593489600000
6490,713,active,1597204800000
6747,713,active,1597032000000
5581,1084,active,1597291200000
5581,1167,active,1597291200000
1673,4043,active,1597464000000
6715,329,active,1597464000000
1447,5420,active,1597550400000
1447,713,active,1624334400000
1971,407,active,1597636800000
2644,6571,active,1597723200000
6791,227,active,1597982400000
5588,1340,active,1598155200000
6794,9891,active,1598241600000
6877,248,active,1598587200000
6872,713,active,1600574400000
4922,1971,active,1599192000000
6844,2441,active,1599537600000
6793,3461,active,1599537600000
7007,3461,active,1601524800000
6833,4343,active,1600315200000
6989,11545,active,1600401600000
12627,1635,active,1605070800000
12627,5151,active,1605070800000
12627,10627,active,1639458000000
4734,4868,active,1600660800000
6972,4734,active,1600660800000
6610,227,active,1600747200000
6570,5014,active,1601006400000
6890,9891,active,1633492800000
6978,407,active,1601092800000
6993,3721,active,1601265600000
6845,1340,active,1601438400000
7127,3461,active,1601697600000
7119,8174,active,1601697600000
7095,1340,active,1601870400000
6992,1340,active,1602043200000
6618,1350,active,1602129600000
4126,3461,active,1602216000000
6268,1340,active,1602302400000
7003,1340,active,1602302400000
7104,3662,active,1605589200000
7104,3077,active,1605589200000
7104,4433,active,1605589200000
7203,3715,active,1602734400000
7252,3461,active,1602907200000
7259,5151,active,1602907200000
7037,3461,active,1602907200000
7037,1350,active,1604379600000
6308,1340,active,1602907200000
6363,4681,active,1603252800000
6363,1447,active,1603252800000
7347,4917,active,1603512000000
7347,1971,active,1603512000000
7288,1340,active,1603684800000
7379,1340,active,1604116800000
7398,3461,active,1604116800000
6696,5093,active,1604293200000
6696,944,active,1604293200000
6696,5916,active,1644123600000
5797,6696,active,1604293200000
6183,1340,active,1609822800000
7342,3461,active,1604811600000
7512,1933,active,1605070800000
7535,2463,active,1605848400000
7319,713,active,1605848400000
11030,3461,active,1606453200000
7530,3461,active,1605934800000
6414,227,active,1605934800000
5578,2462,active,1606021200000
7297,1350,active,1606107600000
7297,3305,active,1606107600000
7297,3575,active,1606107600000
7297,4869,active,1606107600000
7297,4916,active,1606107600000
7297,6581,active,1606107600000
7297,6618,active,1606107600000
7250,7398,active,1606453200000
7359,1933,active,1606453200000
4116,2274,active,1606798800000
6925,7512,active,1607144400000
5473,1635,active,1607230800000
5473,12627,active,1607230800000
7516,6793,active,1607230800000
7591,1340,active,1607230800000
7591,7252,active,1607230800000
7591,7037,active,1607230800000
7325,3461,active,1607317200000
7325,6108,active,1607317200000
7325,5283,active,1614488400000
7489,1340,active,1607490000000
7489,3461,active,1611118800000
7600,664,active,1607662800000
11628,713,active,1607835600000
7537,3461,active,1605848400000
7734,7489,active,1608181200000
7503,664,active,1608354000000
6219,3461,active,1608440400000
11283,3461,active,1608613200000
6288,1340,active,1606280400000
6288,2959,active,1606280400000
5276,1340,active,1608958800000
7582,3662,active,1609045200000
7582,2874,active,1609045200000
7582,2959,active,1609045200000
7582,7104,active,1609045200000
7582,4433,active,1609045200000
7582,1340,active,1609045200000
5639,407,active,1609045200000
5989,713,active,1609045200000
5916,1796,active,1609131600000
6385,5916,active,1619582400000
7840,7512,active,1609218000000
7830,5276,active,1609045200000
7755,3461,active,1609822800000
7674,329,active,1609995600000
7764,2463,active,1645506000000
7764,2537,active,1610082000000
7764,2441,active,1610082000000
7669,5243,active,1610168400000
7669,6219,active,1610168400000
7853,1340,active,1610600400000
5107,5014,active,1610600400000
7065,1340,active,1610773200000
7065,5276,active,1610773200000
7954,3461,active,1579150800000
7954,4192,active,1579150800000
7868,713,active,1610946000000
7869,227,active,1611205200000
1619,5107,active,1611378000000
7178,1340,active,1611378000000
7755,3575,active,1611378000000
7465,7398,active,1611550800000
7465,7250,active,1611550800000
8021,4459,active,1611723600000
8021,4891,active,1611723600000
8021,4402,active,1611723600000
8021,4507,active,1611723600000
7894,7398,active,1611723600000
7894,7465,active,1611723600000
7894,7250,active,1611723600000
8069,7489,active,1611723600000
8069,7734,active,1611723600000
7941,3531,active,1611982800000
7941,1440,active,1611982800000
7941,227,active,1611982800000
8031,5916,active,1622001600000
4801,4391,active,1612069200000
7210,6793,active,1612242000000
8079,227,active,1612587600000
8086,6004,active,1612587600000
8086,731,active,1612587600000
1932,227,active,1612587600000
8196,5916,active,1643691600000
4116,9906,active,1612933200000
8174,1340,active,1613278800000
7925,713,active,1613365200000
5968,3362,active,1613538000000
5108,5151,active,1613538000000
7985,7398,active,1613797200000
7985,7250,active,1613797200000
7985,7465,active,1613797200000
7985,9102,active,1653883200000
8269,2647,active,1613970000000
8269,5916,active,1621828800000
7997,1340,active,1614142800000
7997,7065,active,1614142800000
7997,5276,active,1614142800000
8175,1340,active,1614142800000
8175,8918,active,1620792000000
7710,1340,active,1614229200000
7574,713,active,1614229200000
12074,3301,active,1614315600000
7789,2274,active,1614315600000
7789,4116,active,1614315600000
7789,9906,active,1614315600000
8252,2874,active,1614661200000
8252,3662,active,1614661200000
8252,1340,active,1614661200000
8252,3790,active,1614661200000
8150,227,active,1615006800000
7934,5578,active,1615093200000
7934,2462,active,1615093200000
8194,6890,active,1615179600000
8194,5581,active,1615179600000
8295,5916,active,1621828800000
7686,1340,active,1615438800000
7686,5968,active,1615438800000
7686,7465,active,1615438800000
8068,1933,active,1615525200000
7977,227,active,1615611600000
7977,3531,active,1615611600000
7977,5188,active,1615611600000
5671,227,active,1615611600000
5671,248,active,1615611600000
5671,9450,active,1631505600000
5671,7941,active,1631505600000
8058,5933,active,1615611600000
1146,944,active,1616299200000
8362,7398,active,1616472000000
8362,7250,active,1616472000000
8362,7985,active,1616472000000
1598,5014,active,1616817600000
1329,227,active,
8370,5965,active,1616817600000
8044,2223,active,1616817600000
8509,1340,active,1616990400000
8525,7789,active,1617076800000
8525,4116,active,1617076800000
8517,3461,active,1617422400000
8372,713,active,1617422400000
6071,7789,active,1638162000000
5812,3578,active,1617508800000
4848,5965,active,1617854400000
5686,3461,active,1617854400000
8285,5014,active,1617940800000
8200,5014,active,1618027200000
8200,5090,active,1618027200000
8701,1340,active,1618027200000
8531,3461,active,1618372800000
5089,368,active,1618545600000
7765,4192,active,1618632000000
8287,7489,active,1618632000000
8077,713,active,1618718400000
4441,731,active,1666756800000
7708,7537,active,1619409600000
7708,5916,active,1619409600000
7817,1635,active,1620100800000
8189,8174,active,1620273600000
2716,8189,active,1620273600000
2716,8174,active,1650686400000
8190,5916,active,1621137600000
7976,7398,active,1621396800000
7976,7250,active,1621396800000
7976,7894,active,1621396800000
8862,731,active,1621396800000
8761,3461,active,1621656000000
7770,5916,active,1621828800000
8363,7997,active,1622088000000
8898,4062,active,1622433600000
8916,1340,active,1622520000000
8916,3662,active,1622520000000
8916,6288,active,1622520000000
8916,7582,active,1622520000000
7912,5916,active,1622779200000
8937,12809,active,1622865600000
9044,1340,active,1622865600000
8538,1340,active,1623124800000
8806,7755,active,1623211200000
9012,7582,active,1623297600000
9012,3662,active,1623297600000
518,248,active,1623470400000
8650,5916,active,1623470400000
8650,2647,active,1623470400000
9253,5916,active,1623556800000
9273,7912,active,1623556800000
8684,7985,active,1623643200000
8684,7398,active,1623643200000
8684,8362,active,1623643200000
8216,7178,active,1623643200000
9238,407,active,1623729600000
9238,5155,active,1623729600000
7632,8077,active,1623816000000
7632,6571,active,1623816000000
9096,8650,active,1623816000000
9147,5151,active,1623902400000
9174,5916,active,1624075200000
9068,5014,active,1624161600000
12490,5916,active,1621396800000
7534,7591,active,1621396800000
8017,3461,active,1624248000000
8750,1340,active,1624507200000
8696,5916,active,1624852800000
9322,227,active,1625025600000
8724,7007,active,1626321600000
8724,8174,active,1628654400000
9137,3461,active,1627358400000
9095,1340,active,1627358400000
8793,5916,active,1627358400000
8725,1932,active,1627704000000
9622,7800,active,1627876800000
9094,3461,active,1627876800000
9094,6833,active,1627876800000
5712,115,active,1633320000000
9770,2463,active,1628136000000
8665,5916,active,1628222400000
9034,2701,active,1628308800000
8367,5916,active,1641358800000
9102,5916,active,1653883200000
9102,7894,active,1628568000000
11675,713,active,1628740800000
11675,5989,active,1628740800000
11675,3300,active,1628740800000
9450,227,active,1628913600000
9450,7941,active,1628913600000
9450,1440,active,1628913600000
9450,3531,active,1628913600000
9450,2792,active,1628913600000
9450,5188,active,1628913600000
9450,1848,active,1628913600000
9456,1932,active,1629000000000
7926,2274,active,1629259200000
7926,7789,active,1629259200000
7926,4116,active,1629259200000
9243,5916,active,1629432000000
9243,8252,active,1629432000000
9916,9102,active,1629518400000
9899,1340,active,1629518400000
9964,3233,active,1629777600000
9964,5020,active,1629777600000
6565,2282,active,1641272400000
9642,9238,active,1629950400000
9939,5916,active,1629950400000
10043,664,active,1630296000000
7959,7398,active,1630382400000
7959,8684,active,1630468800000
7959,7465,active,1630468800000
7959,7894,active,1630468800000
7959,7985,active,1630468800000
9901,2274,active,1630468800000
9948,4433,active,1630382400000
9948,7582,active,1630382400000
6911,5300,active,1630641600000
10130,1340,active,1630814400000
9977,227,active,1630814400000
10057,7800,active,1631160000000
10057,9622,active,1631160000000
10122,2274,active,1631160000000
6891,2274,active,1631419200000
8880,7489,active,1631505600000
10211,7800,active,1631851200000
10207,8269,active,1631851200000
10139,227,active,1631937600000
10139,1440,active,1631937600000
10027,713,active,1631937600000
10162,3037,active,1632110400000
10141,7926,active,1632110400000
9697,5916,active,1632542400000
9697,4285,active,1632542400000
8548,3923,active,1632542400000
9697,8548,active,1632542400000
1474,5151,active,1633147200000
10112,5916,active,1632628800000
10112,7210,active,1632628800000
10212,9094,active,1632888000000
8224,2463,active,1633233600000
8224,7764,active,1633147200000
10189,3461,active,1632628800000
10189,10437,active,1632628800000
10189,5134,active,1632628800000
10189,5344,active,1632628800000
9891,1167,active,1633233600000
10311,9939,active,1633320000000
5916,9935,active,1633492800000
10202,713,active,1633665600000
9935,5916,active,1633838400000
10016,8750,active,1633752000000
8248,5916,active,1634097600000
10254,5300,active,1634097600000
4181,8086,active,1634097600000
10261,8269,active,1634097600000
10261,9964,active,1634097600000
10235,5916,active,1634097600000
9752,1340,active,1634184000000
9752,12961,active,1634184000000
10299,6791,active,1634184000000
10299,5155,active,1634184000000
10299,9642,active,1634184000000
6450,713,active,1634529600000
6450,3300,active,1634529600000
10326,6450,active,1634616000000
9643,10326,active,1634616000000
7825,5151,active,1635220800000
7825,1635,active,1635220800000
7825,4480,active,1635220800000
10174,7959,active,1634702400000
10437,10212,active,1634788800000
10437,9094,active,1634788800000
10349,48,active,1635048000000
8133,5916,active,1635134400000
2482,5916,active,1633838400000
10301,5916,active,1635652800000
10301,3085,active,1635652800000
10540,1340,active,1635652800000
10352,5916,active,1635220800000
10622,664,active,1635566400000
10622,10043,active,1635566400000
10469,1340,active,1634356800000
10469,9899,active,1634356800000
10440,9891,active,1635307200000
10452,3461,active,1635912000000
10115,3461,active,1635912000000
10115,7954,active,1635912000000
10627,1635,active,1636171200000
10063,407,active,1636779600000
10063,686,active,1636779600000
10063,3004,active,1636779600000
10250,10202,active,1636952400000
6623,5300,active,1637125200000
6623,8372,active,1637125200000
7103,115,active,1637125200000
11545,5916,active,1637125200000
10313,1340,active,1637211600000
7625,7997,active,1637470800000
7625,7065,active,1637470800000
7625,8363,active,1637470800000
5421,1340,active,1637730000000
10923,5712,active,1637730000000
5916,1350,active,1637730000000
9304,5712,active,1637989200000
6960,5588,active,1637989200000
10717,10207,active,1637989200000
10978,5014,active,1637989200000
10978,8200,active,1637989200000
10978,2101,active,1637989200000
10978,672,active,1637989200000
6732,5916,active,1638075600000
3606,664,active,1638075600000
3606,5916,active,1638075600000
10866,8287,active,1638162000000
7232,227,active,1638162000000
10873,7800,active,1638334800000
10873,713,vpn,1638334800000
9623,713,vpn,1648353600000
6248,303,active,1638334800000
6248,2482,active,1638334800000
6833,5134,active,1638334800000
10212,3461,active,1637557200000
7344,5107,active,1611205200000
9358,3480,active,1638507600000
303,5916,active,1638507600000
10592,5014,active,1638507600000
10592,3396,active,1638507600000
10592,8196,active,1638507600000
9771,1340,active,1638507600000
10890,3461,active,1638507600000
10661,7977,active,1638680400000
10661,1440,active,1638680400000
10661,1848,active,1638680400000
10661,3531,active,1638680400000
10661,5188,active,1638680400000
7089,1340,active,1638939600000
7089,10313,active,1638939600000
7089,10469,active,1638939600000
10339,3461,active,1638939600000
11004,3606,active,1639026000000
11004,4534,active,1639026000000
10973,5712,active,1639198800000
10973,9304,active,1639198800000
11023,1340,active,1639198800000
11023,10130,active,1639198800000
11002,713,active,1639371600000
10606,5151,potential,
9926,5916,active,1639544400000
9926,2646,active,1639544400000
9926,3607,active,1639544400000
10738,1084,active,1639544400000
10738,1167,active,1639544400000
10738,5581,active,1639544400000
10849,3461,active,1639717200000
10849,4666,active,1639717200000
10429,1384,active,1640149200000
4126,5916,active,1640581200000
4126,11545,active,1640581200000
1896,7800,active,1640754000000
7449,1340,active,1640754000000
7449,4285,active,1640754000000
7449,3923,active,1640754000000
7449,9697,active,1640754000000
7449,8548,active,1640754000000
10342,1933,active,1641013200000
2827,4126,active,1641186000000
8667,8531,active,1641445200000
11212,2827,active,1641618000000
5916,713,active,1642309200000
5328,1340,active,1641704400000
10697,7800,active,1640667600000
11001,5916,active,1641790800000
11001,6696,active,1641790800000
12515,4530,active,1642222800000
12515,4459,active,1642222800000
11290,1340,potential,1642395600000
10851,1440,active,1641877200000
11260,5916,active,1642568400000
5351,12809,active,1623988800000
9978,5916,active,1642827600000
11272,9978,active,1642827600000
3963,731,active,1642914000000
10691,8086,active,1642914000000
11310,3606,active,1643086800000
11310,5916,active,1646715600000
11231,713,active,1643173200000
9201,9273,active,1643346000000
10280,1932,active,1643346000000
11217,713,active,1643691600000
11340,1340,active,1644037200000
11197,5014,active,1644123600000
10745,2463,active,1644469200000
11460,1340,active,1644642000000
11024,3461,active,1644728400000
5089,2701,active,1648872000000
11300,9642,active,1644901200000
11300,2463,active,1645419600000
6774,2282,active,1644987600000
11403,5916,active,1644987600000
11467,2463,active,1644987600000
11490,3233,active,1645246800000
11490,10261,active,1645246800000
11490,5020,active,1645246800000
11296,11023,active,1645419600000
11394,713,active,1645851600000
11577,2482,active,1645851600000
11364,7582,active,1645938000000
11364,7104,active,1645938000000
11364,4433,active,1645938000000
11364,9012,active,1645938000000
11585,5300,active,1645938000000
779,3461,active,1646110800000
11516,9891,active,1646370000000
11300,10299,active,1646456400000
11640,5916,active,1646456400000
11637,664,active,1646542800000
10215,8295,active,1646542800000
11664,1340,active,1646629200000
11664,4214,active,1646629200000
5965,713,vpn,1646110800000
1934,10,fiber,1646974800000
1934,1932,fiber,1646974800000
1934,1933,fiber,1646974800000
11290,1340,active,1642482000000
11725,5134,active,1647316800000
11725,3461,active,1647748800000
7909,1084,active,1648267200000
7909,10738,active,1648267200000
8767,5014,active,1648353600000
8767,5107,active,1648353600000
1159,5916,active,1648353600000
1159,3607,active,1648353600000
10072,713,active,1632974400000
5501,11545,active,1648612800000
11446,8174,active,1648872000000
11718,5283,active,1648872000000
11863,5712,active,1648872000000
11744,7800,active,1649044800000
5916,11875,active,1649131200000
11875,11877,active,1649131200000
11877,11878,active,1649131200000
11732,6845,active,1649217600000
11732,8724,active,1649217600000
10458,5283,active,1649217600000
10803,9752,active,1649563200000
10803,10469,active,1649563200000
11339,1971,active,1649736000000
11339,7347,active,1649736000000
11618,7868,active,1649736000000
11618,10027,active,1649736000000
11618,3354,active,1649736000000
11615,7817,active,1649822400000
11925,5014,active,1649822400000
4591,11628,active,1649908800000
11650,659,active,1649908800000
11710,10189,active,1650254400000
11767,3461,active,1650686400000
4126,5283,active,1650772800000
11930,5916,active,1651118400000
8554,5812,active,1617508800000
11916,5916,active,1651723200000
11989,3461,active,1652068800000
12036,8200,active,1652587200000
8646,9068,active,1652500800000
11912,1340,active,1652846400000
11816,713,active,1653192000000
7784,1932,active,1651377600000
11418,5916,active,1651204800000
12185,8536,active,1653710400000
12159,6925,active,1653883200000
10109,12036,active,1653883200000
10109,5090,active,1653883200000
10109,8200,active,1666670400000
12185,6012,active,1653710400000
12185,5947,active,1653710400000
12122,3461,active,1654228800000
11943,3461,active,1654056000000
12226,7800,active,1654401600000
12225,7800,active,1654920000000
11480,7997,active,1654574400000
12223,227,active,1655092800000
12169,8054,active,1655784000000
12103,3461,active,1656216000000
12103,7708,active,1656216000000
6622,713,active,1656648000000
6622,6625,active,1658116800000
4395,5916,active,1658203200000
12169,4395,active,1658203200000
12071,5916,active,1658721600000
11558,115,active,1659153600000
12429,5916,active,1659326400000
12485,5014,active,1659326400000
11581,12485,active,1659326400000
12035,5916,active,1659585600000
10697,135,active,1659758400000
135,713,vpn,1659758400000
12630,2701,active,1660276800000
12532,227,active,1660536000000
12532,3037,active,1660536000000
12532,10139,active,1660536000000
12525,2463,active,1660795200000
12594,10697,active,1660968000000
12324,3607,active,1661227200000
12572,1340,active,1661227200000
11264,1340,active,1661832000000
11758,713,vpn,1647662400000
11960,11516,active,1662004800000
11934,1417,active,1655956800000
12667,1340,active,1662091200000
12678,12071,active,1662264000000
12681,8916,active,1662868800000
12681,9243,active,1662868800000
12681,4433,active,1662868800000
12117,7800,active,1663041600000
12117,227,vpn,1663041600000
12117,713,vpn,1663041600000
12161,3461,active,1663128000000
12161,9102,active,1663128000000
12161,9916,active,1663128000000
12750,3461,active,1663387200000
12148,1447,active,1663473600000
12719,227,active,1663732800000
12719,518,active,1663128000000
12719,3037,active,1663128000000
12578,2282,active,1663732800000
12624,713,vpn,1663905600000
12338,2463,active,1663905600000
11266,227,active,1664596800000
12832,1340,active,1665374400000
12928,5916,active,1666152000000
12928,7007,active,1666152000000
12701,3461,active,1666238400000
12701,8667,active,1667361600000
11965,8531,active,1666324800000
13034,713,planned,
13034,2282,planned,
13034,3461,planned,
13034,5916,planned,
12339,3461,active,
10718,8701,active,1667275200000
